"--large-name51--","getDelegationToken(com.google.protobuf.RpcController,org.apache.hadoop.hdfs.protocol.proto.ClientNamenodeProtocolProtos.GetDelegationTokenRequestProto,com.google.protobuf.RpcCallback<org.apache.hadoop.hdfs.protocol.proto.ClientNamenodeProtocolProtos.GetDelegationTokenResponseProto>)"
"--large-name32--","getBlockLocalPathInfo(com.google.protobuf.RpcController,org.apache.hadoop.hdfs.protocol.proto.ClientDatanodeProtocolProtos.GetBlockLocalPathInfoRequestProto,com.google.protobuf.RpcCallback<org.apache.hadoop.hdfs.protocol.proto.ClientDatanodeProtocolProtos.GetBlockLocalPathInfoResponseProto>)"
"--large-name39--","complete(com.google.protobuf.RpcController,org.apache.hadoop.hdfs.protocol.proto.ClientNamenodeProtocolProtos.CompleteRequestProto,com.google.protobuf.RpcCallback<org.apache.hadoop.hdfs.protocol.proto.ClientNamenodeProtocolProtos.CompleteResponseProto>)"
"--large-name48--","getBlockLocations(com.google.protobuf.RpcController,org.apache.hadoop.hdfs.protocol.proto.ClientNamenodeProtocolProtos.GetBlockLocationsRequestProto,com.google.protobuf.RpcCallback<org.apache.hadoop.hdfs.protocol.proto.ClientNamenodeProtocolProtos.GetBlockLocationsResponseProto>)"
"--large-name79--","updatePipeline(com.google.protobuf.RpcController,org.apache.hadoop.hdfs.protocol.proto.ClientNamenodeProtocolProtos.UpdatePipelineRequestProto,com.google.protobuf.RpcCallback<org.apache.hadoop.hdfs.protocol.proto.ClientNamenodeProtocolProtos.UpdatePipelineResponseProto>)"
"--large-name87--","put(UserGroupInformation,DelegationParam,UserParam,DoAsParam,UriFsPathParam,PutOpParam,DestinationParam,OwnerParam,GroupParam,PermissionParam,OverwriteParam,BufferSizeParam,ReplicationParam,BlockSizeParam,ModificationTimeParam,AccessTimeParam,RenameOptionSetParam,CreateParentParam,TokenArgumentParam,AclPermissionParam)"
"--large-name107--","get(UserGroupInformation,DelegationParam,UserParam,DoAsParam,String,GetOpParam,OffsetParam,LengthParam,RenewerParam,BufferSizeParam,List<XAttrNameParam>,XAttrEncodingParam,ExcludeDatanodesParam,FsActionParam,TokenKindParam,TokenServiceParam)"
"--large-name112--","RMActiveServiceContext(Dispatcher,ContainerAllocationExpirer,AMLivelinessMonitor,AMLivelinessMonitor,DelegationTokenRenewer,AMRMTokenSecretManager,RMContainerTokenSecretManager,NMTokenSecretManagerInRM,ClientToAMTokenSecretManagerInRM,RMApplicationHistoryWriter,ResourceScheduler)"
"--large-name37--","append(com.google.protobuf.RpcController,org.apache.hadoop.hdfs.protocol.proto.ClientNamenodeProtocolProtos.AppendRequestProto,com.google.protobuf.RpcCallback<org.apache.hadoop.hdfs.protocol.proto.ClientNamenodeProtocolProtos.AppendResponseProto>)"
"--large-name119--","newInstance(ApplicationId,ApplicationAttemptId,String,String,String,String,int,Token,YarnApplicationState,String,String,long,long,FinalApplicationStatus,ApplicationResourceUsageReport,String,float,String,Token,Set<String>,boolean,Priority,String,String)"
"--large-name127--","get(UserGroupInformation,DelegationParam,UserParam,DoAsParam,UriFsPathParam,GetOpParam,OffsetParam,LengthParam,RenewerParam,BufferSizeParam,List<XAttrNameParam>,XAttrEncodingParam,ExcludeDatanodesParam,FsActionParam,TokenKindParam,TokenServiceParam,NoRedirectParam)"
"--large-name163--","scannerOpenWithStop_call(ByteBuffer,ByteBuffer,ByteBuffer,List<ByteBuffer>,org.apache.thrift.async.AsyncMethodCallback<scannerOpenWithStop_call>,org.apache.thrift.async.TAsyncClient,org.apache.thrift.protocol.TProtocolFactory,org.apache.thrift.transport.TNonblockingTransport)"
"--large-name103--","AllocationConfiguration(Map<String,Resource>,Map<String,Resource>,Map<String,Integer>,Map<String,Integer>,Map<String,ResourceWeights>,Map<String,Float>,int,int,float,Map<String,SchedulingPolicy>,SchedulingPolicy,Map<String,Long>,Map<String,Long>,Map<String,Map<QueueACL,AccessControlList>>,QueuePlacementPolicy,Map<FSQueueType,Set<String>>)"
"--large-name125--","initMiniDFSCluster(Configuration,int,StorageType[][],boolean,boolean,boolean,boolean,boolean,StartupOption,StartupOption,String[],String[],long[][],long[],String,boolean,boolean,MiniDFSNNTopology,boolean,boolean,boolean,Configuration[],boolean,boolean)"
"--large-name110--","AllocationConfiguration(Map<String,Resource>,Map<String,Resource>,Map<String,Integer>,Map<String,Integer>,Map<String,ResourceWeights>,Map<String,Float>,int,int,float,Map<String,SchedulingPolicy>,SchedulingPolicy,Map<String,Long>,Map<String,Long>,Map<String,Float>,Map<String,Map<QueueACL,AccessControlList>>,QueuePlacementPolicy,Map<FSQueueType,Set<String>>,ReservationQueueConfiguration,Set<String>)"
"--large-name118--","putRoot(UserGroupInformation,DelegationParam,UserParam,DoAsParam,PutOpParam,DestinationParam,OwnerParam,GroupParam,PermissionParam,OverwriteParam,BufferSizeParam,ReplicationParam,BlockSizeParam,ModificationTimeParam,AccessTimeParam,RenameOptionSetParam,CreateParentParam,TokenArgumentParam,AclPermissionParam,XAttrNameParam,XAttrValueParam,XAttrSetFlagParam,SnapshotNameParam,OldSnapshotNameParam,ExcludeDatanodesParam,CreateFlagParam)"
"--large-name76--","setSafeMode(com.google.protobuf.RpcController,org.apache.hadoop.hdfs.protocol.proto.ClientNamenodeProtocolProtos.SetSafeModeRequestProto,com.google.protobuf.RpcCallback<org.apache.hadoop.hdfs.protocol.proto.ClientNamenodeProtocolProtos.SetSafeModeResponseProto>)"
"--large-name75--","setReplication(com.google.protobuf.RpcController,org.apache.hadoop.hdfs.protocol.proto.ClientNamenodeProtocolProtos.SetReplicationRequestProto,com.google.protobuf.RpcCallback<org.apache.hadoop.hdfs.protocol.proto.ClientNamenodeProtocolProtos.SetReplicationResponseProto>)"
"--large-name171--","putRoot(UserGroupInformation,DelegationParam,UserParam,DoAsParam,PutOpParam,DestinationParam,OwnerParam,GroupParam,PermissionParam,UnmaskedPermissionParam,OverwriteParam,BufferSizeParam,ReplicationParam,BlockSizeParam,ModificationTimeParam,AccessTimeParam,RenameOptionSetParam,CreateParentParam,TokenArgumentParam,AclPermissionParam,XAttrNameParam,XAttrValueParam,XAttrSetFlagParam,SnapshotNameParam,OldSnapshotNameParam,ExcludeDatanodesParam,CreateFlagParam,NoRedirectParam)"
"--large-name137--","ApplicationEntityReader(String,String,String,Long,String,String,Long,Long,Long,Map<String,Set<String>>,Map<String,Set<String>>,Map<String,Object>,Map<String,String>,Set<String>,Set<String>,TimelineFilterList,TimelineFilterList,EnumSet<Field>)"
"--large-name43--","delete(com.google.protobuf.RpcController,org.apache.hadoop.hdfs.protocol.proto.ClientNamenodeProtocolProtos.DeleteRequestProto,com.google.protobuf.RpcCallback<org.apache.hadoop.hdfs.protocol.proto.ClientNamenodeProtocolProtos.DeleteResponseProto>)"
"--large-name73--","setPermission(com.google.protobuf.RpcController,org.apache.hadoop.hdfs.protocol.proto.ClientNamenodeProtocolProtos.SetPermissionRequestProto,com.google.protobuf.RpcCallback<org.apache.hadoop.hdfs.protocol.proto.ClientNamenodeProtocolProtos.SetPermissionResponseProto>)"
"--large-name68--","reportBadBlocks(com.google.protobuf.RpcController,org.apache.hadoop.hdfs.protocol.proto.ClientNamenodeProtocolProtos.ReportBadBlocksRequestProto,com.google.protobuf.RpcCallback<org.apache.hadoop.hdfs.protocol.proto.ClientNamenodeProtocolProtos.ReportBadBlocksResponseProto>)"
"--large-name147--","putRoot(UserGroupInformation,DelegationParam,UserParam,DoAsParam,PutOpParam,DestinationParam,OwnerParam,GroupParam,PermissionParam,OverwriteParam,BufferSizeParam,ReplicationParam,BlockSizeParam,ModificationTimeParam,AccessTimeParam,TokenArgumentParam)"
"--large-name29--","sendHeartbeat(com.google.protobuf.RpcController,org.apache.hadoop.hdfs.protocol.proto.DatanodeProtocolProtos.HeartbeatRequestProto,com.google.protobuf.RpcCallback<org.apache.hadoop.hdfs.protocol.proto.DatanodeProtocolProtos.HeartbeatResponseProto>)"
"--large-name168--","getRoot(UserGroupInformation,DelegationParam,UserParam,DoAsParam,GetOpParam,OffsetParam,LengthParam,RenewerParam,BufferSizeParam,List<XAttrNameParam>,XAttrEncodingParam,ExcludeDatanodesParam,FsActionParam,TokenKindParam,TokenServiceParam,NoRedirectParam,StartAfterParam)"
"--large-name28--","reportBadBlocks(com.google.protobuf.RpcController,org.apache.hadoop.hdfs.protocol.proto.DatanodeProtocolProtos.ReportBadBlocksRequestProto,com.google.protobuf.RpcCallback<org.apache.hadoop.hdfs.protocol.proto.DatanodeProtocolProtos.ReportBadBlocksResponseProto>)"
"--large-name59--","listCorruptFileBlocks(com.google.protobuf.RpcController,org.apache.hadoop.hdfs.protocol.proto.ClientNamenodeProtocolProtos.ListCorruptFileBlocksRequestProto,com.google.protobuf.RpcCallback<org.apache.hadoop.hdfs.protocol.proto.ClientNamenodeProtocolProtos.ListCorruptFileBlocksResponseProto>)"
"--large-name34--","refreshNamenode(com.google.protobuf.RpcController,org.apache.hadoop.hdfs.protocol.proto.ClientDatanodeProtocolProtos.RefreshNamenodesRequestProto,com.google.protobuf.RpcCallback<org.apache.hadoop.hdfs.protocol.proto.ClientDatanodeProtocolProtos.RefreshNamenodesResponseProto>)"
"--large-name150--","deleteAllRowTs_call(ByteBuffer,ByteBuffer,long,org.apache.thrift.async.AsyncMethodCallback<deleteAllRowTs_call>,org.apache.thrift.async.TAsyncClient,org.apache.thrift.protocol.TProtocolFactory,org.apache.thrift.transport.TNonblockingTransport)"
"--large-name114--","RMActiveServiceContext(Dispatcher,ContainerAllocationExpirer,AMLivelinessMonitor,AMLivelinessMonitor,DelegationTokenRenewer,AMRMTokenSecretManager,RMContainerTokenSecretManager,NMTokenSecretManagerInRM,ClientToAMTokenSecretManagerInRM,ResourceScheduler)"
"--large-name100--","put(UserGroupInformation,DelegationParam,UserParam,DoAsParam,UriFsPathParam,PutOpParam,DestinationParam,OwnerParam,GroupParam,PermissionParam,OverwriteParam,BufferSizeParam,ReplicationParam,BlockSizeParam,ModificationTimeParam,AccessTimeParam,RenameOptionSetParam,CreateParentParam,TokenArgumentParam,AclPermissionParam,XAttrNameParam,XAttrValueParam,XAttrSetFlagParam,SnapshotNameParam,OldSnapshotNameParam,ExcludeDatanodesParam)"
"--large-name167--","get(UserGroupInformation,DelegationParam,UserParam,DoAsParam,UriFsPathParam,GetOpParam,OffsetParam,LengthParam,RenewerParam,BufferSizeParam,List<XAttrNameParam>,XAttrEncodingParam,ExcludeDatanodesParam,FsActionParam,TokenKindParam,TokenServiceParam,NoRedirectParam,StartAfterParam)"
"--large-name162--","scannerOpenWithStopTs_call(ByteBuffer,ByteBuffer,ByteBuffer,List<ByteBuffer>,long,org.apache.thrift.async.AsyncMethodCallback<scannerOpenWithStopTs_call>,org.apache.thrift.async.TAsyncClient,org.apache.thrift.protocol.TProtocolFactory,org.apache.thrift.transport.TNonblockingTransport)"
"--large-name116--","put(UserGroupInformation,DelegationParam,UserParam,DoAsParam,String,PutOpParam,DestinationParam,OwnerParam,GroupParam,PermissionParam,OverwriteParam,BufferSizeParam,ReplicationParam,BlockSizeParam,ModificationTimeParam,AccessTimeParam,RenameOptionSetParam,CreateParentParam,TokenArgumentParam,AclPermissionParam,XAttrNameParam,XAttrValueParam,XAttrSetFlagParam,SnapshotNameParam,OldSnapshotNameParam,ExcludeDatanodesParam,CreateFlagParam)"
"--large-name31--","deleteBlockPool(com.google.protobuf.RpcController,org.apache.hadoop.hdfs.protocol.proto.ClientDatanodeProtocolProtos.DeleteBlockPoolRequestProto,com.google.protobuf.RpcCallback<org.apache.hadoop.hdfs.protocol.proto.ClientDatanodeProtocolProtos.DeleteBlockPoolResponseProto>)"
"--large-name11--","endCheckpoint(com.google.protobuf.RpcController,org.apache.hadoop.hdfs.protocol.proto.NamenodeProtocolProtos.EndCheckpointRequestProto,com.google.protobuf.RpcCallback<org.apache.hadoop.hdfs.protocol.proto.NamenodeProtocolProtos.EndCheckpointResponseProto>)"
"--large-name121--","AllocationConfiguration(Map<String,Resource>,Map<String,Resource>,Map<String,Integer>,Map<String,Integer>,Map<String,ResourceWeights>,Map<String,Float>,int,int,Resource,float,Map<String,SchedulingPolicy>,SchedulingPolicy,Map<String,Long>,Map<String,Long>,Map<String,Float>,Map<String,Map<QueueACL,AccessControlList>>,QueuePlacementPolicy,Map<FSQueueType,Set<String>>,ReservationQueueConfiguration,Set<String>,Set<String>)"
"--large-name109--","RMActiveServiceContext(Dispatcher,ContainerAllocationExpirer,AMLivelinessMonitor,AMLivelinessMonitor,DelegationTokenRenewer,AMRMTokenSecretManager,RMContainerTokenSecretManager,NMTokenSecretManagerInRM,ClientToAMTokenSecretManagerInRM,RMApplicationHistoryWriter)"
"--large-name42--","createSymlink(com.google.protobuf.RpcController,org.apache.hadoop.hdfs.protocol.proto.ClientNamenodeProtocolProtos.CreateSymlinkRequestProto,com.google.protobuf.RpcCallback<org.apache.hadoop.hdfs.protocol.proto.ClientNamenodeProtocolProtos.CreateSymlinkResponseProto>)"
"--large-name151--","deleteAllTs_call(ByteBuffer,ByteBuffer,ByteBuffer,long,org.apache.thrift.async.AsyncMethodCallback<deleteAllTs_call>,org.apache.thrift.async.TAsyncClient,org.apache.thrift.protocol.TProtocolFactory,org.apache.thrift.transport.TNonblockingTransport)"
"--large-name64--","rename(com.google.protobuf.RpcController,org.apache.hadoop.hdfs.protocol.proto.ClientNamenodeProtocolProtos.RenameRequestProto,com.google.protobuf.RpcCallback<org.apache.hadoop.hdfs.protocol.proto.ClientNamenodeProtocolProtos.RenameResponseProto>)"
"--large-name77--","setTimes(com.google.protobuf.RpcController,org.apache.hadoop.hdfs.protocol.proto.ClientNamenodeProtocolProtos.SetTimesRequestProto,com.google.protobuf.RpcCallback<org.apache.hadoop.hdfs.protocol.proto.ClientNamenodeProtocolProtos.SetTimesResponseProto>)"
"--large-name83--","RMContextImpl(Dispatcher,RMStateStore,ContainerAllocationExpirer,AMLivelinessMonitor,AMLivelinessMonitor,DelegationTokenRenewer,ApplicationTokenSecretManager,RMContainerTokenSecretManager,NMTokenSecretManagerInRM,ClientToAMTokenSecretManagerInRM)"
"--large-name152--","getRowWithColumnsTs_call(ByteBuffer,ByteBuffer,List<ByteBuffer>,long,org.apache.thrift.async.AsyncMethodCallback<getRowWithColumnsTs_call>,org.apache.thrift.async.TAsyncClient,org.apache.thrift.protocol.TProtocolFactory,org.apache.thrift.transport.TNonblockingTransport)"
"--large-name84--","AllocationConfiguration(Map<String,Resource>,Map<String,Resource>,Map<String,Integer>,Map<String,Integer>,Map<String,ResourceWeights>,int,int,Map<String,SchedulingPolicy>,SchedulingPolicy,Map<String,Long>,Map<String,Map<QueueACL,AccessControlList>>,long,long,QueuePlacementPolicy,Set<String>)"
"--large-name30--","versionRequest(com.google.protobuf.RpcController,org.apache.hadoop.hdfs.protocol.proto.NamenodeProtocolProtos.VersionRequestProto,com.google.protobuf.RpcCallback<org.apache.hadoop.hdfs.protocol.proto.NamenodeProtocolProtos.VersionResponseProto>)"
"--large-name70--","saveNamespace(com.google.protobuf.RpcController,org.apache.hadoop.hdfs.protocol.proto.ClientNamenodeProtocolProtos.SaveNamespaceRequestProto,com.google.protobuf.RpcCallback<org.apache.hadoop.hdfs.protocol.proto.ClientNamenodeProtocolProtos.SaveNamespaceResponseProto>)"
"--large-name104--","loadQueue(String,Element,Map<String,Resource>,Map<String,Resource>,Map<String,Integer>,Map<String,Integer>,Map<String,Float>,Map<String,ResourceWeights>,Map<String,SchedulingPolicy>,Map<String,Long>,Map<String,Long>,Map<String,Map<QueueACL,AccessControlList>>,Map<FSQueueType,Set<String>>)"
"--large-name60--","metaSave(com.google.protobuf.RpcController,org.apache.hadoop.hdfs.protocol.proto.ClientNamenodeProtocolProtos.MetaSaveRequestProto,com.google.protobuf.RpcCallback<org.apache.hadoop.hdfs.protocol.proto.ClientNamenodeProtocolProtos.MetaSaveResponseProto>)"
"--large-name131--","putRoot(UserGroupInformation,DelegationParam,UserParam,DoAsParam,PutOpParam,DestinationParam,OwnerParam,GroupParam,PermissionParam,OverwriteParam,BufferSizeParam,ReplicationParam,BlockSizeParam,ModificationTimeParam,AccessTimeParam,RenameOptionSetParam,CreateParentParam,TokenArgumentParam,AclPermissionParam,XAttrNameParam,XAttrValueParam,XAttrSetFlagParam,SnapshotNameParam,OldSnapshotNameParam,ExcludeDatanodesParam,CreateFlagParam,NoRedirectParam)"
"--large-name139--","TimelineEntityReader(String,String,String,Long,String,String,Long,Long,Long,Map<String,Set<String>>,Map<String,Set<String>>,Map<String,Object>,Map<String,String>,Set<String>,Set<String>,TimelineFilterList,TimelineFilterList,EnumSet<Field>,boolean)"
"--large-name1--","createReduceContext(org.apache.hadoop.mapreduce.Reducer<INKEY,INVALUE,OUTKEY,OUTVALUE>,Configuration,org.apache.hadoop.mapreduce.TaskAttemptID,RawKeyValueIterator,org.apache.hadoop.mapreduce.Counter,org.apache.hadoop.mapreduce.Counter,org.apache.hadoop.mapreduce.RecordWriter<OUTKEY,OUTVALUE>,org.apache.hadoop.mapreduce.OutputCommitter,org.apache.hadoop.mapreduce.StatusReporter,RawComparator<INKEY>,Class<INKEY>,Class<INVALUE>)"
"--large-name14--","getBlocks(com.google.protobuf.RpcController,org.apache.hadoop.hdfs.protocol.proto.NamenodeProtocolProtos.GetBlocksRequestProto,com.google.protobuf.RpcCallback<org.apache.hadoop.hdfs.protocol.proto.NamenodeProtocolProtos.GetBlocksResponseProto>)"
"--large-name62--","recoverLease(com.google.protobuf.RpcController,org.apache.hadoop.hdfs.protocol.proto.ClientNamenodeProtocolProtos.RecoverLeaseRequestProto,com.google.protobuf.RpcCallback<org.apache.hadoop.hdfs.protocol.proto.ClientNamenodeProtocolProtos.RecoverLeaseResponseProto>)"
"--large-name65--","rename2(com.google.protobuf.RpcController,org.apache.hadoop.hdfs.protocol.proto.ClientNamenodeProtocolProtos.Rename2RequestProto,com.google.protobuf.RpcCallback<org.apache.hadoop.hdfs.protocol.proto.ClientNamenodeProtocolProtos.Rename2ResponseProto>)"
"--large-name123--","AllocationConfiguration(Map<String,Resource>,Map<String,Resource>,Map<String,Integer>,Map<String,Integer>,Map<String,ResourceWeights>,Map<String,Float>,int,int,Resource,float,Map<String,SchedulingPolicy>,SchedulingPolicy,Map<String,Long>,Map<String,Long>,Map<String,Float>,Map<String,Map<QueueACL,AccessControlList>>,Map<String,Map<ReservationACL,AccessControlList>>,QueuePlacementPolicy,Map<FSQueueType,Set<String>>,ReservationQueueConfiguration,Set<String>,Set<String>)"
"--large-name50--","getDatanodeReport(com.google.protobuf.RpcController,org.apache.hadoop.hdfs.protocol.proto.ClientNamenodeProtocolProtos.GetDatanodeReportRequestProto,com.google.protobuf.RpcCallback<org.apache.hadoop.hdfs.protocol.proto.ClientNamenodeProtocolProtos.GetDatanodeReportResponseProto>)"
"--large-name126--","get(UserGroupInformation,DelegationParam,UserParam,DoAsParam,String,GetOpParam,OffsetParam,LengthParam,RenewerParam,BufferSizeParam,List<XAttrNameParam>,XAttrEncodingParam,ExcludeDatanodesParam,FsActionParam,TokenKindParam,TokenServiceParam,NoRedirectParam)"
"--large-name88--","putRoot(UserGroupInformation,DelegationParam,UserParam,DoAsParam,PutOpParam,DestinationParam,OwnerParam,GroupParam,PermissionParam,OverwriteParam,BufferSizeParam,ReplicationParam,BlockSizeParam,ModificationTimeParam,AccessTimeParam,RenameOptionSetParam,CreateParentParam,TokenArgumentParam,AclPermissionParam)"
"--large-name105--","AllocationConfiguration(Map<String,Resource>,Map<String,Resource>,Map<String,Integer>,Map<String,Integer>,Map<String,ResourceWeights>,Map<String,Float>,int,int,float,Map<String,SchedulingPolicy>,SchedulingPolicy,Map<String,Long>,Map<String,Long>,Map<String,Float>,Map<String,Map<QueueACL,AccessControlList>>,QueuePlacementPolicy,Map<FSQueueType,Set<String>>)"
"--large-name141--","AllocationConfiguration(Map<String,Resource>,Map<String,Resource>,Map<String,Resource>,Map<String,Integer>,Map<String,Integer>,Map<String,ResourceWeights>,Map<String,Float>,int,int,Resource,float,Map<String,SchedulingPolicy>,SchedulingPolicy,Map<String,Long>,Map<String,Long>,Map<String,Float>,Map<String,Map<QueueACL,AccessControlList>>,Map<String,Map<ReservationACL,AccessControlList>>,QueuePlacementPolicy,Map<FSQueueType,Set<String>>,ReservationQueueConfiguration,Set<String>,Set<String>)"
"--large-name80--","put(UserGroupInformation,DelegationParam,UserParam,DoAsParam,UriFsPathParam,PutOpParam,DestinationParam,OwnerParam,GroupParam,PermissionParam,OverwriteParam,BufferSizeParam,ReplicationParam,BlockSizeParam,ModificationTimeParam,AccessTimeParam,RenameOptionSetParam,CreateParentParam,TokenArgumentParam)"
"--large-name154--","getRowsWithColumnsTs_call(ByteBuffer,List<ByteBuffer>,List<ByteBuffer>,long,org.apache.thrift.async.AsyncMethodCallback<getRowsWithColumnsTs_call>,org.apache.thrift.async.TAsyncClient,org.apache.thrift.protocol.TProtocolFactory,org.apache.thrift.transport.TNonblockingTransport)"
"--large-name136--","createMultipleEntitiesReader(String,String,String,Long,String,String,Long,Long,Long,Long,Long,Map<String,Set<String>>,Map<String,Set<String>>,Map<String,Object>,Map<String,String>,Set<String>,Set<String>,TimelineFilterList,TimelineFilterList,EnumSet<Field>)"
"--large-name19--","startCheckpoint(com.google.protobuf.RpcController,org.apache.hadoop.hdfs.protocol.proto.NamenodeProtocolProtos.StartCheckpointRequestProto,com.google.protobuf.RpcCallback<org.apache.hadoop.hdfs.protocol.proto.NamenodeProtocolProtos.StartCheckpointResponseProto>)"
"--large-name3--","Shuffle(TaskAttemptID,JobConf,FileSystem,TaskUmbilicalProtocol,LocalDirAllocator,Reporter,CompressionCodec,Class<? extends Reducer>,CombineOutputCollector<K,V>,Counters.Counter,Counters.Counter,Counters.Counter,Counters.Counter,Counters.Counter,Counters.Counter,TaskStatus,Progress,Progress,Task,MapOutputFile)"
"--large-name47--","getAdditionalDatanode(com.google.protobuf.RpcController,org.apache.hadoop.hdfs.protocol.proto.ClientNamenodeProtocolProtos.GetAdditionalDatanodeRequestProto,com.google.protobuf.RpcCallback<org.apache.hadoop.hdfs.protocol.proto.ClientNamenodeProtocolProtos.GetAdditionalDatanodeResponseProto>)"
"--large-name93--","putRoot(UserGroupInformation,DelegationParam,UserParam,DoAsParam,PutOpParam,DestinationParam,OwnerParam,GroupParam,PermissionParam,OverwriteParam,BufferSizeParam,ReplicationParam,BlockSizeParam,ModificationTimeParam,AccessTimeParam,RenameOptionSetParam,CreateParentParam,TokenArgumentParam,AclPermissionParam,SnapshotNameParam,OldSnapshotNameParam)"
"--large-name149--","createTable_call(ByteBuffer,List<ColumnDescriptor>,org.apache.thrift.async.AsyncMethodCallback<createTable_call>,org.apache.thrift.async.TAsyncClient,org.apache.thrift.protocol.TProtocolFactory,org.apache.thrift.transport.TNonblockingTransport)"
"--large-name156--","getVerTs_call(ByteBuffer,ByteBuffer,ByteBuffer,long,int,org.apache.thrift.async.AsyncMethodCallback<getVerTs_call>,org.apache.thrift.async.TAsyncClient,org.apache.thrift.protocol.TProtocolFactory,org.apache.thrift.transport.TNonblockingTransport)"
"--large-name5--","put(UserGroupInformation,DelegationParam,UriFsPathParam,PutOpParam,DestinationParam,OwnerParam,GroupParam,PermissionParam,OverwriteParam,BufferSizeParam,ReplicationParam,BlockSizeParam,ModificationTimeParam,AccessTimeParam,RenameOptionSetParam)"
"--large-name85--","RMContextImpl(Dispatcher,ContainerAllocationExpirer,AMLivelinessMonitor,AMLivelinessMonitor,DelegationTokenRenewer,AMRMTokenSecretManager,RMContainerTokenSecretManager,NMTokenSecretManagerInRM,ClientToAMTokenSecretManagerInRM,RMApplicationHistoryWriter)"
"--large-name102--","initMiniDFSCluster(Configuration,int,StorageType[][],boolean,boolean,boolean,boolean,boolean,StartupOption,StartupOption,String[],String[],long[][],long[],String,boolean,boolean,MiniDFSNNTopology,boolean,boolean,boolean,Configuration[],boolean)"
"--large-name7--","putRoot(UserGroupInformation,DelegationParam,PutOpParam,DestinationParam,OwnerParam,GroupParam,PermissionParam,OverwriteParam,BufferSizeParam,ReplicationParam,BlockSizeParam,ModificationTimeParam,AccessTimeParam,RenameOptionSetParam,TokenArgumentParam)"
"--large-name106--","loadQueue(String,Element,Map<String,Resource>,Map<String,Resource>,Map<String,Integer>,Map<String,Integer>,Map<String,Float>,Map<String,ResourceWeights>,Map<String,SchedulingPolicy>,Map<String,Long>,Map<String,Long>,Map<String,Float>,Map<String,Map<QueueACL,AccessControlList>>,Map<FSQueueType,Set<String>>)"
"--large-name33--","getReplicaVisibleLength(com.google.protobuf.RpcController,org.apache.hadoop.hdfs.protocol.proto.ClientDatanodeProtocolProtos.GetReplicaVisibleLengthRequestProto,com.google.protobuf.RpcCallback<org.apache.hadoop.hdfs.protocol.proto.ClientDatanodeProtocolProtos.GetReplicaVisibleLengthResponseProto>)"
"--large-name157--","mutateRowTs_call(ByteBuffer,ByteBuffer,List<Mutation>,long,org.apache.thrift.async.AsyncMethodCallback<mutateRowTs_call>,org.apache.thrift.async.TAsyncClient,org.apache.thrift.protocol.TProtocolFactory,org.apache.thrift.transport.TNonblockingTransport)"
"--large-name117--","put(UserGroupInformation,DelegationParam,UserParam,DoAsParam,UriFsPathParam,PutOpParam,DestinationParam,OwnerParam,GroupParam,PermissionParam,OverwriteParam,BufferSizeParam,ReplicationParam,BlockSizeParam,ModificationTimeParam,AccessTimeParam,RenameOptionSetParam,CreateParentParam,TokenArgumentParam,AclPermissionParam,XAttrNameParam,XAttrValueParam,XAttrSetFlagParam,SnapshotNameParam,OldSnapshotNameParam,ExcludeDatanodesParam,CreateFlagParam)"
"--large-name16--","getTransationId(com.google.protobuf.RpcController,org.apache.hadoop.hdfs.protocol.proto.NamenodeProtocolProtos.GetTransactionIdRequestProto,com.google.protobuf.RpcCallback<org.apache.hadoop.hdfs.protocol.proto.NamenodeProtocolProtos.GetTransactionIdResponseProto>)"
"--large-name132--","ApplicationEntityReader(String,String,String,Long,String,String,Long,Long,Long,Long,Long,Map<String,Set<String>>,Map<String,Set<String>>,Map<String,Object>,Map<String,String>,Set<String>,Set<String>,TimelineFilterList,TimelineFilterList,EnumSet<Field>)"
"--large-name10--","startLogSegment(com.google.protobuf.RpcController,org.apache.hadoop.hdfs.protocol.proto.JournalProtocolProtos.StartLogSegmentRequestProto,com.google.protobuf.RpcCallback<org.apache.hadoop.hdfs.protocol.proto.JournalProtocolProtos.StartLogSegmentResponseProto>)"
"--large-name122--","loadQueue(String,Element,Map<String,Resource>,Map<String,Resource>,Map<String,Integer>,Map<String,Integer>,Map<String,Float>,Map<String,ResourceWeights>,Map<String,SchedulingPolicy>,Map<String,Long>,Map<String,Long>,Map<String,Float>,Map<String,Map<QueueACL,AccessControlList>>,Map<FSQueueType,Set<String>>,Set<String>,Set<String>)"
"--large-name128--","getRoot(UserGroupInformation,DelegationParam,UserParam,DoAsParam,GetOpParam,OffsetParam,LengthParam,RenewerParam,BufferSizeParam,List<XAttrNameParam>,XAttrEncodingParam,ExcludeDatanodesParam,FsActionParam,TokenKindParam,TokenServiceParam,NoRedirectParam)"
"--large-name97--","AllocationConfiguration(Map<String,Resource>,Map<String,Resource>,Map<String,Integer>,Map<String,Integer>,Map<String,ResourceWeights>,Map<String,Float>,int,int,float,Map<String,SchedulingPolicy>,SchedulingPolicy,Map<String,Long>,Map<String,Map<QueueACL,AccessControlList>>,long,long,QueuePlacementPolicy,Map<FSQueueType,Set<String>>)"
"--large-name144--","createReduceContext(org.apache.hadoop.mapreduce.Reducer<INKEY,INVALUE,OUTKEY,OUTVALUE>,Configuration,org.apache.hadoop.mapreduce.TaskAttemptID,RawKeyValueIterator,org.apache.hadoop.mapreduce.Counter,org.apache.hadoop.mapreduce.RecordWriter<OUTKEY,OUTVALUE>,org.apache.hadoop.mapreduce.OutputCommitter,org.apache.hadoop.mapreduce.StatusReporter,RawComparator<INKEY>,Class<INKEY>,Class<INVALUE>)"
"--large-name12--","errorReport(com.google.protobuf.RpcController,org.apache.hadoop.hdfs.protocol.proto.NamenodeProtocolProtos.ErrorReportRequestProto,com.google.protobuf.RpcCallback<org.apache.hadoop.hdfs.protocol.proto.NamenodeProtocolProtos.ErrorReportResponseProto>)"
"--large-name166--","get(UserGroupInformation,DelegationParam,UserParam,DoAsParam,String,GetOpParam,OffsetParam,LengthParam,RenewerParam,BufferSizeParam,List<XAttrNameParam>,XAttrEncodingParam,ExcludeDatanodesParam,FsActionParam,TokenKindParam,TokenServiceParam,NoRedirectParam,StartAfterParam)"
"--large-name13--","getBlockKeys(com.google.protobuf.RpcController,org.apache.hadoop.hdfs.protocol.proto.NamenodeProtocolProtos.GetBlockKeysRequestProto,com.google.protobuf.RpcCallback<org.apache.hadoop.hdfs.protocol.proto.NamenodeProtocolProtos.GetBlockKeysResponseProto>)"
"--large-name170--","put(UserGroupInformation,DelegationParam,UserParam,DoAsParam,UriFsPathParam,PutOpParam,DestinationParam,OwnerParam,GroupParam,PermissionParam,UnmaskedPermissionParam,OverwriteParam,BufferSizeParam,ReplicationParam,BlockSizeParam,ModificationTimeParam,AccessTimeParam,RenameOptionSetParam,CreateParentParam,TokenArgumentParam,AclPermissionParam,XAttrNameParam,XAttrValueParam,XAttrSetFlagParam,SnapshotNameParam,OldSnapshotNameParam,ExcludeDatanodesParam,CreateFlagParam,NoRedirectParam)"
"--large-name38--","cancelDelegationToken(com.google.protobuf.RpcController,org.apache.hadoop.hdfs.protocol.proto.ClientNamenodeProtocolProtos.CancelDelegationTokenRequestProto,com.google.protobuf.RpcCallback<org.apache.hadoop.hdfs.protocol.proto.ClientNamenodeProtocolProtos.CancelDelegationTokenResponseProto>)"
"--large-name78--","updateBlockForPipeline(com.google.protobuf.RpcController,org.apache.hadoop.hdfs.protocol.proto.ClientNamenodeProtocolProtos.UpdateBlockForPipelineRequestProto,com.google.protobuf.RpcCallback<org.apache.hadoop.hdfs.protocol.proto.ClientNamenodeProtocolProtos.UpdateBlockForPipelineResponseProto>)"
"--large-name56--","getListing(com.google.protobuf.RpcController,org.apache.hadoop.hdfs.protocol.proto.ClientNamenodeProtocolProtos.GetListingRequestProto,com.google.protobuf.RpcCallback<org.apache.hadoop.hdfs.protocol.proto.ClientNamenodeProtocolProtos.GetListingResponseProto>)"
"--large-name44--","distributedUpgradeProgress(com.google.protobuf.RpcController,org.apache.hadoop.hdfs.protocol.proto.ClientNamenodeProtocolProtos.DistributedUpgradeProgressRequestProto,com.google.protobuf.RpcCallback<org.apache.hadoop.hdfs.protocol.proto.ClientNamenodeProtocolProtos.DistributedUpgradeProgressResponseProto>)"
"--large-name138--","GenericEntityReader(String,String,String,Long,String,String,Long,Long,Long,Map<String,Set<String>>,Map<String,Set<String>>,Map<String,Object>,Map<String,String>,Set<String>,Set<String>,TimelineFilterList,TimelineFilterList,EnumSet<Field>,boolean)"
"--large-name4--","put(InputStream,UserGroupInformation,DelegationParam,UriFsPathParam,PutOpParam,DstPathParam,OwnerParam,GroupParam,PermissionParam,OverwriteParam,BufferSizeParam,ReplicationParam,BlockSizeParam,ModificationTimeParam,AccessTimeParam,RenameOptionSetParam)"
"--large-name161--","scannerOpenWithPrefix_call(ByteBuffer,ByteBuffer,List<ByteBuffer>,org.apache.thrift.async.AsyncMethodCallback<scannerOpenWithPrefix_call>,org.apache.thrift.async.TAsyncClient,org.apache.thrift.protocol.TProtocolFactory,org.apache.thrift.transport.TNonblockingTransport)"
"--large-name86--","put(UserGroupInformation,DelegationParam,UserParam,DoAsParam,String,PutOpParam,DestinationParam,OwnerParam,GroupParam,PermissionParam,OverwriteParam,BufferSizeParam,ReplicationParam,BlockSizeParam,ModificationTimeParam,AccessTimeParam,RenameOptionSetParam,CreateParentParam,TokenArgumentParam,AclPermissionParam)"
"--large-name23--","blockReport(com.google.protobuf.RpcController,org.apache.hadoop.hdfs.protocol.proto.DatanodeProtocolProtos.BlockReportRequestProto,com.google.protobuf.RpcCallback<org.apache.hadoop.hdfs.protocol.proto.DatanodeProtocolProtos.BlockReportResponseProto>)"
"--large-name67--","renewLease(com.google.protobuf.RpcController,org.apache.hadoop.hdfs.protocol.proto.ClientNamenodeProtocolProtos.RenewLeaseRequestProto,com.google.protobuf.RpcCallback<org.apache.hadoop.hdfs.protocol.proto.ClientNamenodeProtocolProtos.RenewLeaseResponseProto>)"
"--large-name148--","atomicIncrement_call(ByteBuffer,ByteBuffer,ByteBuffer,long,org.apache.thrift.async.AsyncMethodCallback<atomicIncrement_call>,org.apache.thrift.async.TAsyncClient,org.apache.thrift.protocol.TProtocolFactory,org.apache.thrift.transport.TNonblockingTransport)"
"--large-name158--","mutateRow_call(ByteBuffer,ByteBuffer,List<Mutation>,org.apache.thrift.async.AsyncMethodCallback<mutateRow_call>,org.apache.thrift.async.TAsyncClient,org.apache.thrift.protocol.TProtocolFactory,org.apache.thrift.transport.TNonblockingTransport)"
"--large-name82--","put(UserGroupInformation,DelegationParam,UserParam,DoAsParam,String,PutOpParam,DestinationParam,OwnerParam,GroupParam,PermissionParam,OverwriteParam,BufferSizeParam,ReplicationParam,BlockSizeParam,ModificationTimeParam,AccessTimeParam,RenameOptionSetParam,CreateParentParam,TokenArgumentParam)"
"--large-name99--","put(UserGroupInformation,DelegationParam,UserParam,DoAsParam,String,PutOpParam,DestinationParam,OwnerParam,GroupParam,PermissionParam,OverwriteParam,BufferSizeParam,ReplicationParam,BlockSizeParam,ModificationTimeParam,AccessTimeParam,RenameOptionSetParam,CreateParentParam,TokenArgumentParam,AclPermissionParam,XAttrNameParam,XAttrValueParam,XAttrSetFlagParam,SnapshotNameParam,OldSnapshotNameParam,ExcludeDatanodesParam)"
"--large-name142--","loadQueue(String,Element,Map<String,Resource>,Map<String,Resource>,Map<String,Resource>,Map<String,Integer>,Map<String,Integer>,Map<String,Float>,Map<String,ResourceWeights>,Map<String,SchedulingPolicy>,Map<String,Long>,Map<String,Long>,Map<String,Float>,Map<String,Map<QueueACL,AccessControlList>>,Map<String,Map<ReservationACL,AccessControlList>>,Map<FSQueueType,Set<String>>,Set<String>,Set<String>)"
"--large-name90--","loadQueue(String,Element,Map<String,Resource>,Map<String,Resource>,Map<String,Integer>,Map<String,Integer>,Map<String,ResourceWeights>,Map<String,SchedulingPolicy>,Map<String,Long>,Map<String,Map<QueueACL,AccessControlList>>,Map<FSQueueType,Set<String>>)"
"--large-name20--","initReplicaRecovery(com.google.protobuf.RpcController,org.apache.hadoop.hdfs.protocol.proto.InterDatanodeProtocolProtos.InitReplicaRecoveryRequestProto,com.google.protobuf.RpcCallback<org.apache.hadoop.hdfs.protocol.proto.InterDatanodeProtocolProtos.InitReplicaRecoveryResponseProto>)"
"--large-name18--","rollEditLog(com.google.protobuf.RpcController,org.apache.hadoop.hdfs.protocol.proto.NamenodeProtocolProtos.RollEditLogRequestProto,com.google.protobuf.RpcCallback<org.apache.hadoop.hdfs.protocol.proto.NamenodeProtocolProtos.RollEditLogResponseProto>)"
"--large-name71--","setBalancerBandwidth(com.google.protobuf.RpcController,org.apache.hadoop.hdfs.protocol.proto.ClientNamenodeProtocolProtos.SetBalancerBandwidthRequestProto,com.google.protobuf.RpcCallback<org.apache.hadoop.hdfs.protocol.proto.ClientNamenodeProtocolProtos.SetBalancerBandwidthResponseProto>)"
"--large-name133--","FlowRunEntityReader(String,String,String,Long,String,String,Long,Long,Long,Long,Long,Map<String,Set<String>>,Map<String,Set<String>>,Map<String,Object>,Map<String,String>,Set<String>,Set<String>,TimelineFilterList,TimelineFilterList,EnumSet<Field>)"
"--large-name140--","createMultipleEntitiesReader(String,String,String,Long,String,String,Long,Long,Long,Map<String,Set<String>>,Map<String,Set<String>>,Map<String,Object>,Map<String,String>,Set<String>,Set<String>,TimelineFilterList,TimelineFilterList,EnumSet<Field>)"
"--large-name66--","renewDelegationToken(com.google.protobuf.RpcController,org.apache.hadoop.hdfs.protocol.proto.ClientNamenodeProtocolProtos.RenewDelegationTokenRequestProto,com.google.protobuf.RpcCallback<org.apache.hadoop.hdfs.protocol.proto.ClientNamenodeProtocolProtos.RenewDelegationTokenResponseProto>)"
"--large-name129--","put(UserGroupInformation,DelegationParam,UserParam,DoAsParam,String,PutOpParam,DestinationParam,OwnerParam,GroupParam,PermissionParam,OverwriteParam,BufferSizeParam,ReplicationParam,BlockSizeParam,ModificationTimeParam,AccessTimeParam,RenameOptionSetParam,CreateParentParam,TokenArgumentParam,AclPermissionParam,XAttrNameParam,XAttrValueParam,XAttrSetFlagParam,SnapshotNameParam,OldSnapshotNameParam,ExcludeDatanodesParam,CreateFlagParam,NoRedirectParam)"
"--large-name111--","loadQueue(String,Element,Map<String,Resource>,Map<String,Resource>,Map<String,Integer>,Map<String,Integer>,Map<String,Float>,Map<String,ResourceWeights>,Map<String,SchedulingPolicy>,Map<String,Long>,Map<String,Long>,Map<String,Float>,Map<String,Map<QueueACL,AccessControlList>>,Map<FSQueueType,Set<String>>,Set<String>)"
"--large-name63--","refreshNodes(com.google.protobuf.RpcController,org.apache.hadoop.hdfs.protocol.proto.ClientNamenodeProtocolProtos.RefreshNodesRequestProto,com.google.protobuf.RpcCallback<org.apache.hadoop.hdfs.protocol.proto.ClientNamenodeProtocolProtos.RefreshNodesResponseProto>)"
"--large-name40--","concat(com.google.protobuf.RpcController,org.apache.hadoop.hdfs.protocol.proto.ClientNamenodeProtocolProtos.ConcatRequestProto,com.google.protobuf.RpcCallback<org.apache.hadoop.hdfs.protocol.proto.ClientNamenodeProtocolProtos.ConcatResponseProto>)"
"--large-name17--","register(com.google.protobuf.RpcController,org.apache.hadoop.hdfs.protocol.proto.NamenodeProtocolProtos.RegisterRequestProto,com.google.protobuf.RpcCallback<org.apache.hadoop.hdfs.protocol.proto.NamenodeProtocolProtos.RegisterResponseProto>)"
"--large-name91--","put(UserGroupInformation,DelegationParam,UserParam,DoAsParam,String,PutOpParam,DestinationParam,OwnerParam,GroupParam,PermissionParam,OverwriteParam,BufferSizeParam,ReplicationParam,BlockSizeParam,ModificationTimeParam,AccessTimeParam,RenameOptionSetParam,CreateParentParam,TokenArgumentParam,AclPermissionParam,SnapshotNameParam,OldSnapshotNameParam)"
"--large-name61--","mkdirs(com.google.protobuf.RpcController,org.apache.hadoop.hdfs.protocol.proto.ClientNamenodeProtocolProtos.MkdirsRequestProto,com.google.protobuf.RpcCallback<org.apache.hadoop.hdfs.protocol.proto.ClientNamenodeProtocolProtos.MkdirsResponseProto>)"
"--large-name146--","put(UserGroupInformation,DelegationParam,UserParam,DoAsParam,UriFsPathParam,PutOpParam,DestinationParam,OwnerParam,GroupParam,PermissionParam,OverwriteParam,BufferSizeParam,ReplicationParam,BlockSizeParam,ModificationTimeParam,AccessTimeParam,TokenArgumentParam)"
"--large-name160--","scannerOpenTs_call(ByteBuffer,ByteBuffer,List<ByteBuffer>,long,org.apache.thrift.async.AsyncMethodCallback<scannerOpenTs_call>,org.apache.thrift.async.TAsyncClient,org.apache.thrift.protocol.TProtocolFactory,org.apache.thrift.transport.TNonblockingTransport)"
"--large-name92--","put(UserGroupInformation,DelegationParam,UserParam,DoAsParam,UriFsPathParam,PutOpParam,DestinationParam,OwnerParam,GroupParam,PermissionParam,OverwriteParam,BufferSizeParam,ReplicationParam,BlockSizeParam,ModificationTimeParam,AccessTimeParam,RenameOptionSetParam,CreateParentParam,TokenArgumentParam,AclPermissionParam,SnapshotNameParam,OldSnapshotNameParam)"
"--large-name6--","put(UserGroupInformation,DelegationParam,UriFsPathParam,PutOpParam,DestinationParam,OwnerParam,GroupParam,PermissionParam,OverwriteParam,BufferSizeParam,ReplicationParam,BlockSizeParam,ModificationTimeParam,AccessTimeParam,RenameOptionSetParam,TokenArgumentParam)"
"--large-name113--","RMContextImpl(Dispatcher,ContainerAllocationExpirer,AMLivelinessMonitor,AMLivelinessMonitor,DelegationTokenRenewer,AMRMTokenSecretManager,RMContainerTokenSecretManager,NMTokenSecretManagerInRM,ClientToAMTokenSecretManagerInRM,RMApplicationHistoryWriter,ResourceScheduler)"
"--large-name98--","loadQueue(String,Element,Map<String,Resource>,Map<String,Resource>,Map<String,Integer>,Map<String,Integer>,Map<String,Float>,Map<String,ResourceWeights>,Map<String,SchedulingPolicy>,Map<String,Long>,Map<String,Map<QueueACL,AccessControlList>>,Map<FSQueueType,Set<String>>)"
"--large-name36--","addBlock(com.google.protobuf.RpcController,org.apache.hadoop.hdfs.protocol.proto.ClientNamenodeProtocolProtos.AddBlockRequestProto,com.google.protobuf.RpcCallback<org.apache.hadoop.hdfs.protocol.proto.ClientNamenodeProtocolProtos.AddBlockResponseProto>)"
"--large-name26--","processUpgrade(com.google.protobuf.RpcController,org.apache.hadoop.hdfs.protocol.proto.DatanodeProtocolProtos.ProcessUpgradeRequestProto,com.google.protobuf.RpcCallback<org.apache.hadoop.hdfs.protocol.proto.DatanodeProtocolProtos.ProcessUpgradeResponseProto>)"
"--large-name134--","GenericEntityReader(String,String,String,Long,String,String,Long,Long,Long,Long,Long,Map<String,Set<String>>,Map<String,Set<String>>,Map<String,Object>,Map<String,String>,Set<String>,Set<String>,TimelineFilterList,TimelineFilterList,EnumSet<Field>,boolean)"
"--large-name57--","getPreferredBlockSize(com.google.protobuf.RpcController,org.apache.hadoop.hdfs.protocol.proto.ClientNamenodeProtocolProtos.GetPreferredBlockSizeRequestProto,com.google.protobuf.RpcCallback<org.apache.hadoop.hdfs.protocol.proto.ClientNamenodeProtocolProtos.GetPreferredBlockSizeResponseProto>)"
"--large-name165--","scannerOpenWithScan_call(ByteBuffer,TScan,org.apache.thrift.async.AsyncMethodCallback<scannerOpenWithScan_call>,org.apache.thrift.async.TAsyncClient,org.apache.thrift.protocol.TProtocolFactory,org.apache.thrift.transport.TNonblockingTransport)"
"--large-name2--","Shuffle(TaskAttemptID,JobConf,FileSystem,TaskUmbilicalProtocol,LocalDirAllocator,Reporter,CompressionCodec,Class<? extends Reducer>,CombineOutputCollector<K,V>,Counters.Counter,Counters.Counter,Counters.Counter,Counters.Counter,Counters.Counter,Counters.Counter,TaskStatus,Progress,Progress,Task)"
"--large-name94--","put(UserGroupInformation,DelegationParam,UserParam,DoAsParam,String,PutOpParam,DestinationParam,OwnerParam,GroupParam,PermissionParam,OverwriteParam,BufferSizeParam,ReplicationParam,BlockSizeParam,ModificationTimeParam,AccessTimeParam,RenameOptionSetParam,CreateParentParam,TokenArgumentParam,AclPermissionParam,XAttrNameParam,XAttrValueParam,XAttrSetFlagParam,SnapshotNameParam,OldSnapshotNameParam)"
"--large-name46--","fsync(com.google.protobuf.RpcController,org.apache.hadoop.hdfs.protocol.proto.ClientNamenodeProtocolProtos.FsyncRequestProto,com.google.protobuf.RpcCallback<org.apache.hadoop.hdfs.protocol.proto.ClientNamenodeProtocolProtos.FsyncResponseProto>)"
"--large-name53--","getFileLinkInfo(com.google.protobuf.RpcController,org.apache.hadoop.hdfs.protocol.proto.ClientNamenodeProtocolProtos.GetFileLinkInfoRequestProto,com.google.protobuf.RpcCallback<org.apache.hadoop.hdfs.protocol.proto.ClientNamenodeProtocolProtos.GetFileLinkInfoResponseProto>)"
"--large-name135--","TimelineEntityReader(String,String,String,Long,String,String,Long,Long,Long,Long,Long,Map<String,Set<String>>,Map<String,Set<String>>,Map<String,Object>,Map<String,String>,Set<String>,Set<String>,TimelineFilterList,TimelineFilterList,EnumSet<Field>,boolean)"
"--large-name159--","mutateRowsTs_call(ByteBuffer,List<BatchMutation>,long,org.apache.thrift.async.AsyncMethodCallback<mutateRowsTs_call>,org.apache.thrift.async.TAsyncClient,org.apache.thrift.protocol.TProtocolFactory,org.apache.thrift.transport.TNonblockingTransport)"
"--large-name108--","get(UserGroupInformation,DelegationParam,UserParam,DoAsParam,UriFsPathParam,GetOpParam,OffsetParam,LengthParam,RenewerParam,BufferSizeParam,List<XAttrNameParam>,XAttrEncodingParam,ExcludeDatanodesParam,FsActionParam,TokenKindParam,TokenServiceParam)"
"--large-name115--","RMContextImpl(Dispatcher,ContainerAllocationExpirer,AMLivelinessMonitor,AMLivelinessMonitor,DelegationTokenRenewer,AMRMTokenSecretManager,RMContainerTokenSecretManager,NMTokenSecretManagerInRM,ClientToAMTokenSecretManagerInRM,ResourceScheduler)"
"--large-name45--","finalizeUpgrade(com.google.protobuf.RpcController,org.apache.hadoop.hdfs.protocol.proto.ClientNamenodeProtocolProtos.FinalizeUpgradeRequestProto,com.google.protobuf.RpcCallback<org.apache.hadoop.hdfs.protocol.proto.ClientNamenodeProtocolProtos.FinalizeUpgradeResponseProto>)"
"--large-name143--","ParseContext(HiveConf,QB,CommonTree,HashMap<String,PartitionPruner>,HashMap<String,SamplePruner>,HashMap<String,Operator<? extends Serializable>>,HashMap<String,Operator<? extends Serializable>>,HashMap<Operator<? extends Serializable>,OpParseContext>,List<loadTableDesc>,List<loadFileDesc>,Context)"
"--large-name130--","put(UserGroupInformation,DelegationParam,UserParam,DoAsParam,UriFsPathParam,PutOpParam,DestinationParam,OwnerParam,GroupParam,PermissionParam,OverwriteParam,BufferSizeParam,ReplicationParam,BlockSizeParam,ModificationTimeParam,AccessTimeParam,RenameOptionSetParam,CreateParentParam,TokenArgumentParam,AclPermissionParam,XAttrNameParam,XAttrValueParam,XAttrSetFlagParam,SnapshotNameParam,OldSnapshotNameParam,ExcludeDatanodesParam,CreateFlagParam,NoRedirectParam)"
"--large-name95--","put(UserGroupInformation,DelegationParam,UserParam,DoAsParam,UriFsPathParam,PutOpParam,DestinationParam,OwnerParam,GroupParam,PermissionParam,OverwriteParam,BufferSizeParam,ReplicationParam,BlockSizeParam,ModificationTimeParam,AccessTimeParam,RenameOptionSetParam,CreateParentParam,TokenArgumentParam,AclPermissionParam,XAttrNameParam,XAttrValueParam,XAttrSetFlagParam,SnapshotNameParam,OldSnapshotNameParam)"
"--large-name8--","put(UserGroupInformation,DelegationParam,UserParam,DoAsParam,UriFsPathParam,PutOpParam,DestinationParam,OwnerParam,GroupParam,PermissionParam,OverwriteParam,BufferSizeParam,ReplicationParam,BlockSizeParam,ModificationTimeParam,AccessTimeParam,RenameOptionSetParam,TokenArgumentParam)"
"--large-name69--","restoreFailedStorage(com.google.protobuf.RpcController,org.apache.hadoop.hdfs.protocol.proto.ClientNamenodeProtocolProtos.RestoreFailedStorageRequestProto,com.google.protobuf.RpcCallback<org.apache.hadoop.hdfs.protocol.proto.ClientNamenodeProtocolProtos.RestoreFailedStorageResponseProto>)"
"--large-name153--","getRowWithColumns_call(ByteBuffer,ByteBuffer,List<ByteBuffer>,org.apache.thrift.async.AsyncMethodCallback<getRowWithColumns_call>,org.apache.thrift.async.TAsyncClient,org.apache.thrift.protocol.TProtocolFactory,org.apache.thrift.transport.TNonblockingTransport)"
"--large-name25--","errorReport(com.google.protobuf.RpcController,org.apache.hadoop.hdfs.protocol.proto.DatanodeProtocolProtos.ErrorReportRequestProto,com.google.protobuf.RpcCallback<org.apache.hadoop.hdfs.protocol.proto.DatanodeProtocolProtos.ErrorReportResponseProto>)"
"--large-name35--","abandonBlock(com.google.protobuf.RpcController,org.apache.hadoop.hdfs.protocol.proto.ClientNamenodeProtocolProtos.AbandonBlockRequestProto,com.google.protobuf.RpcCallback<org.apache.hadoop.hdfs.protocol.proto.ClientNamenodeProtocolProtos.AbandonBlockResponseProto>)"
"--large-name15--","getEditLogManifest(com.google.protobuf.RpcController,org.apache.hadoop.hdfs.protocol.proto.NamenodeProtocolProtos.GetEditLogManifestRequestProto,com.google.protobuf.RpcCallback<org.apache.hadoop.hdfs.protocol.proto.NamenodeProtocolProtos.GetEditLogManifestResponseProto>)"
"--large-name145--","put(UserGroupInformation,DelegationParam,UriFsPathParam,PutOpParam,DestinationParam,OwnerParam,GroupParam,PermissionParam,OverwriteParam,BufferSizeParam,ReplicationParam,BlockSizeParam,ModificationTimeParam,AccessTimeParam,TokenArgumentParam)"
"--large-name124--","loadQueue(String,Element,Map<String,Resource>,Map<String,Resource>,Map<String,Integer>,Map<String,Integer>,Map<String,Float>,Map<String,ResourceWeights>,Map<String,SchedulingPolicy>,Map<String,Long>,Map<String,Long>,Map<String,Float>,Map<String,Map<QueueACL,AccessControlList>>,Map<String,Map<ReservationACL,AccessControlList>>,Map<FSQueueType,Set<String>>,Set<String>,Set<String>)"
"--large-name89--","AllocationConfiguration(Map<String,Resource>,Map<String,Resource>,Map<String,Integer>,Map<String,Integer>,Map<String,ResourceWeights>,int,int,Map<String,SchedulingPolicy>,SchedulingPolicy,Map<String,Long>,Map<String,Map<QueueACL,AccessControlList>>,long,long,QueuePlacementPolicy,Map<FSQueueType,Set<String>>)"
"--large-name120--","AllocationConfiguration(Map<String,Resource>,Map<String,Resource>,Map<String,Integer>,Map<String,Integer>,Map<String,ResourceWeights>,Map<String,Float>,int,int,Resource,float,Map<String,SchedulingPolicy>,SchedulingPolicy,Map<String,Long>,Map<String,Long>,Map<String,Float>,Map<String,Map<QueueACL,AccessControlList>>,QueuePlacementPolicy,Map<FSQueueType,Set<String>>,ReservationQueueConfiguration,Set<String>)"
"--large-name155--","getRowsWithColumns_call(ByteBuffer,List<ByteBuffer>,List<ByteBuffer>,org.apache.thrift.async.AsyncMethodCallback<getRowsWithColumns_call>,org.apache.thrift.async.TAsyncClient,org.apache.thrift.protocol.TProtocolFactory,org.apache.thrift.transport.TNonblockingTransport)"
"--large-name24--","commitBlockSynchronization(com.google.protobuf.RpcController,org.apache.hadoop.hdfs.protocol.proto.DatanodeProtocolProtos.CommitBlockSynchronizationRequestProto,com.google.protobuf.RpcCallback<org.apache.hadoop.hdfs.protocol.proto.DatanodeProtocolProtos.CommitBlockSynchronizationResponseProto>)"
"--large-name164--","scannerOpen_call(ByteBuffer,ByteBuffer,List<ByteBuffer>,org.apache.thrift.async.AsyncMethodCallback<scannerOpen_call>,org.apache.thrift.async.TAsyncClient,org.apache.thrift.protocol.TProtocolFactory,org.apache.thrift.transport.TNonblockingTransport)"
"--large-name21--","updateReplicaUnderRecovery(com.google.protobuf.RpcController,org.apache.hadoop.hdfs.protocol.proto.InterDatanodeProtocolProtos.UpdateReplicaUnderRecoveryRequestProto,com.google.protobuf.RpcCallback<org.apache.hadoop.hdfs.protocol.proto.InterDatanodeProtocolProtos.UpdateReplicaUnderRecoveryResponseProto>)"
"--large-name55--","getLinkTarget(com.google.protobuf.RpcController,org.apache.hadoop.hdfs.protocol.proto.ClientNamenodeProtocolProtos.GetLinkTargetRequestProto,com.google.protobuf.RpcCallback<org.apache.hadoop.hdfs.protocol.proto.ClientNamenodeProtocolProtos.GetLinkTargetResponseProto>)"
"--large-name49--","getContentSummary(com.google.protobuf.RpcController,org.apache.hadoop.hdfs.protocol.proto.ClientNamenodeProtocolProtos.GetContentSummaryRequestProto,com.google.protobuf.RpcCallback<org.apache.hadoop.hdfs.protocol.proto.ClientNamenodeProtocolProtos.GetContentSummaryResponseProto>)"
"--large-name81--","putRoot(UserGroupInformation,DelegationParam,UserParam,DoAsParam,PutOpParam,DestinationParam,OwnerParam,GroupParam,PermissionParam,OverwriteParam,BufferSizeParam,ReplicationParam,BlockSizeParam,ModificationTimeParam,AccessTimeParam,RenameOptionSetParam,CreateParentParam,TokenArgumentParam)"
"--large-name27--","registerDatanode(com.google.protobuf.RpcController,org.apache.hadoop.hdfs.protocol.proto.DatanodeProtocolProtos.RegisterDatanodeRequestProto,com.google.protobuf.RpcCallback<org.apache.hadoop.hdfs.protocol.proto.DatanodeProtocolProtos.RegisterDatanodeResponseProto>)"
"--large-name41--","create(com.google.protobuf.RpcController,org.apache.hadoop.hdfs.protocol.proto.ClientNamenodeProtocolProtos.CreateRequestProto,com.google.protobuf.RpcCallback<org.apache.hadoop.hdfs.protocol.proto.ClientNamenodeProtocolProtos.CreateResponseProto>)"
"--large-name52--","getFileInfo(com.google.protobuf.RpcController,org.apache.hadoop.hdfs.protocol.proto.ClientNamenodeProtocolProtos.GetFileInfoRequestProto,com.google.protobuf.RpcCallback<org.apache.hadoop.hdfs.protocol.proto.ClientNamenodeProtocolProtos.GetFileInfoResponseProto>)"
"--large-name101--","putRoot(UserGroupInformation,DelegationParam,UserParam,DoAsParam,PutOpParam,DestinationParam,OwnerParam,GroupParam,PermissionParam,OverwriteParam,BufferSizeParam,ReplicationParam,BlockSizeParam,ModificationTimeParam,AccessTimeParam,RenameOptionSetParam,CreateParentParam,TokenArgumentParam,AclPermissionParam,XAttrNameParam,XAttrValueParam,XAttrSetFlagParam,SnapshotNameParam,OldSnapshotNameParam,ExcludeDatanodesParam)"
"--large-name58--","getServerDefaults(com.google.protobuf.RpcController,org.apache.hadoop.hdfs.protocol.proto.ClientNamenodeProtocolProtos.GetServerDefaultsRequestProto,com.google.protobuf.RpcCallback<org.apache.hadoop.hdfs.protocol.proto.ClientNamenodeProtocolProtos.GetServerDefaultsResponseProto>)"
"--large-name169--","put(UserGroupInformation,DelegationParam,UserParam,DoAsParam,String,PutOpParam,DestinationParam,OwnerParam,GroupParam,PermissionParam,UnmaskedPermissionParam,OverwriteParam,BufferSizeParam,ReplicationParam,BlockSizeParam,ModificationTimeParam,AccessTimeParam,RenameOptionSetParam,CreateParentParam,TokenArgumentParam,AclPermissionParam,XAttrNameParam,XAttrValueParam,XAttrSetFlagParam,SnapshotNameParam,OldSnapshotNameParam,ExcludeDatanodesParam,CreateFlagParam,NoRedirectParam)"
"--large-name96--","putRoot(UserGroupInformation,DelegationParam,UserParam,DoAsParam,PutOpParam,DestinationParam,OwnerParam,GroupParam,PermissionParam,OverwriteParam,BufferSizeParam,ReplicationParam,BlockSizeParam,ModificationTimeParam,AccessTimeParam,RenameOptionSetParam,CreateParentParam,TokenArgumentParam,AclPermissionParam,XAttrNameParam,XAttrValueParam,XAttrSetFlagParam,SnapshotNameParam,OldSnapshotNameParam)"
"--large-name22--","blockReceivedAndDeleted(com.google.protobuf.RpcController,org.apache.hadoop.hdfs.protocol.proto.DatanodeProtocolProtos.BlockReceivedAndDeletedRequestProto,com.google.protobuf.RpcCallback<org.apache.hadoop.hdfs.protocol.proto.DatanodeProtocolProtos.BlockReceivedAndDeletedResponseProto>)"
"--large-name54--","getFsStats(com.google.protobuf.RpcController,org.apache.hadoop.hdfs.protocol.proto.ClientNamenodeProtocolProtos.GetFsStatusRequestProto,com.google.protobuf.RpcCallback<org.apache.hadoop.hdfs.protocol.proto.ClientNamenodeProtocolProtos.GetFsStatsResponseProto>)"
"--large-name74--","setQuota(com.google.protobuf.RpcController,org.apache.hadoop.hdfs.protocol.proto.ClientNamenodeProtocolProtos.SetQuotaRequestProto,com.google.protobuf.RpcCallback<org.apache.hadoop.hdfs.protocol.proto.ClientNamenodeProtocolProtos.SetQuotaResponseProto>)"
"--large-name9--","putRoot(UserGroupInformation,DelegationParam,UserParam,DoAsParam,PutOpParam,DestinationParam,OwnerParam,GroupParam,PermissionParam,OverwriteParam,BufferSizeParam,ReplicationParam,BlockSizeParam,ModificationTimeParam,AccessTimeParam,RenameOptionSetParam,TokenArgumentParam)"
"--large-name72--","setOwner(com.google.protobuf.RpcController,org.apache.hadoop.hdfs.protocol.proto.ClientNamenodeProtocolProtos.SetOwnerRequestProto,com.google.protobuf.RpcCallback<org.apache.hadoop.hdfs.protocol.proto.ClientNamenodeProtocolProtos.SetOwnerResponseProto>)"